{"amp/grad_scale": 32768.0, "global_step": 0}
{"loss/regression_loss": 2.8787059783935547, "loss/classification_loss": 23.934432983398438, "loss/total_loss": 26.813138961791992, "global_step": 0}
{"stats/learning_rate": 0.005, "global_step": 1}
{"amp/grad_scale": 16384.0, "global_step": 2}
{"amp/grad_scale": 8192.0, "global_step": 3}
{"amp/grad_scale": 4096.0, "global_step": 4}
{"amp/grad_scale": 2048.0, "global_step": 5}
{"amp/grad_scale": 1024.0, "global_step": 6}
{"amp/grad_scale": 512.0, "global_step": 7}
{"amp/grad_scale": 256.0, "global_step": 8}
{"amp/grad_scale": 128.0, "global_step": 9}
{"amp/grad_scale": 64.0, "global_step": 10}
{"amp/grad_scale": 32.0, "global_step": 11}
{"amp/grad_scale": 16.0, "global_step": 12}
{"amp/grad_scale": 8.0, "global_step": 13}
{"amp/grad_scale": 4.0, "global_step": 14}
{"amp/grad_scale": 2.0, "global_step": 15}
{"amp/grad_scale": 1.0, "global_step": 16}
{"amp/grad_scale": 0.5, "global_step": 17}
{"amp/grad_scale": 0.25, "global_step": 18}
{"amp/grad_scale": 0.125, "global_step": 19}
{"amp/grad_scale": 0.0625, "global_step": 20}
{"loss/regression_loss": NaN, "loss/classification_loss": NaN, "loss/total_loss": NaN, "global_step": 20}
{"amp/grad_scale": 0.03125, "global_step": 21}
{"amp/grad_scale": 0.015625, "global_step": 22}
{"amp/grad_scale": 0.0078125, "global_step": 23}
{"amp/grad_scale": 0.00390625, "global_step": 24}
{"amp/grad_scale": 0.001953125, "global_step": 25}
{"amp/grad_scale": 0.0009765625, "global_step": 26}
{"amp/grad_scale": 0.00048828125, "global_step": 27}
{"amp/grad_scale": 0.000244140625, "global_step": 28}
{"amp/grad_scale": 0.0001220703125, "global_step": 29}
{"amp/grad_scale": 6.103515625e-05, "global_step": 30}
{"amp/grad_scale": 3.0517578125e-05, "global_step": 31}
{"amp/grad_scale": 1.52587890625e-05, "global_step": 32}
{"amp/grad_scale": 7.62939453125e-06, "global_step": 33}
{"amp/grad_scale": 3.814697265625e-06, "global_step": 34}
{"amp/grad_scale": 1.9073486328125e-06, "global_step": 35}
{"amp/grad_scale": 9.5367431640625e-07, "global_step": 36}
{"amp/grad_scale": 4.76837158203125e-07, "global_step": 37}
{"amp/grad_scale": 2.384185791015625e-07, "global_step": 38}
{"amp/grad_scale": 1.1920928955078125e-07, "global_step": 39}
{"amp/grad_scale": 5.960464477539063e-08, "global_step": 40}
{"loss/regression_loss": NaN, "loss/classification_loss": NaN, "loss/total_loss": NaN, "global_step": 40}
{"amp/grad_scale": 2.9802322387695312e-08, "global_step": 41}
{"amp/grad_scale": 1.4901161193847656e-08, "global_step": 42}
{"amp/grad_scale": 7.450580596923828e-09, "global_step": 43}
{"amp/grad_scale": 3.725290298461914e-09, "global_step": 44}
{"amp/grad_scale": 1.862645149230957e-09, "global_step": 45}
{"amp/grad_scale": 9.313225746154785e-10, "global_step": 46}
{"amp/grad_scale": 4.656612873077393e-10, "global_step": 47}
{"amp/grad_scale": 2.3283064365386963e-10, "global_step": 48}
{"amp/grad_scale": 1.1641532182693481e-10, "global_step": 49}
{"amp/grad_scale": 5.820766091346741e-11, "global_step": 50}
{"amp/grad_scale": 2.9103830456733704e-11, "global_step": 51}
{"amp/grad_scale": 1.4551915228366852e-11, "global_step": 52}
{"amp/grad_scale": 7.275957614183426e-12, "global_step": 53}
{"amp/grad_scale": 3.637978807091713e-12, "global_step": 54}
{"amp/grad_scale": 1.8189894035458565e-12, "global_step": 55}
{"amp/grad_scale": 9.094947017729282e-13, "global_step": 56}
{"amp/grad_scale": 4.547473508864641e-13, "global_step": 57}
{"amp/grad_scale": 2.2737367544323206e-13, "global_step": 58}
{"amp/grad_scale": 1.1368683772161603e-13, "global_step": 59}
{"amp/grad_scale": 5.684341886080802e-14, "global_step": 60}
{"loss/regression_loss": NaN, "loss/classification_loss": NaN, "loss/total_loss": NaN, "global_step": 60}
{"amp/grad_scale": 2.842170943040401e-14, "global_step": 61}
{"amp/grad_scale": 1.4210854715202004e-14, "global_step": 62}
{"amp/grad_scale": 7.105427357601002e-15, "global_step": 63}
{"amp/grad_scale": 3.552713678800501e-15, "global_step": 64}
{"amp/grad_scale": 1.7763568394002505e-15, "global_step": 65}
{"amp/grad_scale": 8.881784197001252e-16, "global_step": 66}
{"amp/grad_scale": 4.440892098500626e-16, "global_step": 67}
{"amp/grad_scale": 2.220446049250313e-16, "global_step": 68}
{"amp/grad_scale": 1.1102230246251565e-16, "global_step": 69}
{"amp/grad_scale": 5.551115123125783e-17, "global_step": 70}
{"amp/grad_scale": 2.7755575615628914e-17, "global_step": 71}
{"amp/grad_scale": 1.3877787807814457e-17, "global_step": 72}
{"amp/grad_scale": 6.938893903907228e-18, "global_step": 73}
{"amp/grad_scale": 3.469446951953614e-18, "global_step": 74}
{"amp/grad_scale": 1.734723475976807e-18, "global_step": 75}
{"amp/grad_scale": 8.673617379884035e-19, "global_step": 76}
{"amp/grad_scale": 4.336808689942018e-19, "global_step": 77}
{"amp/grad_scale": 2.168404344971009e-19, "global_step": 78}
{"amp/grad_scale": 1.0842021724855044e-19, "global_step": 79}
{"amp/grad_scale": 5.421010862427522e-20, "global_step": 80}
{"loss/regression_loss": NaN, "loss/classification_loss": NaN, "loss/total_loss": NaN, "global_step": 80}
{"amp/grad_scale": 2.710505431213761e-20, "global_step": 81}
{"amp/grad_scale": 1.3552527156068805e-20, "global_step": 82}
{"amp/grad_scale": 6.776263578034403e-21, "global_step": 83}
{"amp/grad_scale": 3.3881317890172014e-21, "global_step": 84}
{"amp/grad_scale": 1.6940658945086007e-21, "global_step": 85}
{"amp/grad_scale": 8.470329472543003e-22, "global_step": 86}
{"amp/grad_scale": 4.235164736271502e-22, "global_step": 87}
{"amp/grad_scale": 2.117582368135751e-22, "global_step": 88}
{"amp/grad_scale": 1.0587911840678754e-22, "global_step": 89}
{"amp/grad_scale": 5.293955920339377e-23, "global_step": 90}
{"amp/grad_scale": 2.6469779601696886e-23, "global_step": 91}
{"amp/grad_scale": 1.3234889800848443e-23, "global_step": 92}
{"amp/grad_scale": 6.617444900424222e-24, "global_step": 93}
{"amp/grad_scale": 3.308722450212111e-24, "global_step": 94}
{"amp/grad_scale": 1.6543612251060553e-24, "global_step": 95}
{"amp/grad_scale": 8.271806125530277e-25, "global_step": 96}
{"amp/grad_scale": 4.1359030627651384e-25, "global_step": 97}
{"amp/grad_scale": 2.0679515313825692e-25, "global_step": 98}
{"amp/grad_scale": 1.0339757656912846e-25, "global_step": 99}
{"amp/grad_scale": 5.169878828456423e-26, "global_step": 100}
{"loss/regression_loss": NaN, "loss/classification_loss": NaN, "loss/total_loss": NaN, "global_step": 100}
{"amp/grad_scale": 2.5849394142282115e-26, "global_step": 101}
{"amp/grad_scale": 1.2924697071141057e-26, "global_step": 102}
{"amp/grad_scale": 6.462348535570529e-27, "global_step": 103}
{"amp/grad_scale": 3.2311742677852644e-27, "global_step": 104}
{"amp/grad_scale": 1.6155871338926322e-27, "global_step": 105}
{"amp/grad_scale": 8.077935669463161e-28, "global_step": 106}
{"amp/grad_scale": 4.0389678347315804e-28, "global_step": 107}
{"amp/grad_scale": 2.0194839173657902e-28, "global_step": 108}
{"amp/grad_scale": 1.0097419586828951e-28, "global_step": 109}
{"amp/grad_scale": 5.048709793414476e-29, "global_step": 110}
{"amp/grad_scale": 2.524354896707238e-29, "global_step": 111}
{"amp/grad_scale": 1.262177448353619e-29, "global_step": 112}
{"amp/grad_scale": 6.310887241768095e-30, "global_step": 113}
{"amp/grad_scale": 3.1554436208840472e-30, "global_step": 114}
{"amp/grad_scale": 1.5777218104420236e-30, "global_step": 115}
{"amp/grad_scale": 7.888609052210118e-31, "global_step": 116}
{"amp/grad_scale": 3.944304526105059e-31, "global_step": 117}
{"amp/grad_scale": 1.9721522630525295e-31, "global_step": 118}
{"amp/grad_scale": 9.860761315262648e-32, "global_step": 119}
{"amp/grad_scale": 4.930380657631324e-32, "global_step": 120}
{"loss/regression_loss": NaN, "loss/classification_loss": NaN, "loss/total_loss": NaN, "global_step": 120}
{"amp/grad_scale": 2.465190328815662e-32, "global_step": 121}
{"amp/grad_scale": 1.232595164407831e-32, "global_step": 122}
{"amp/grad_scale": 6.162975822039155e-33, "global_step": 123}
{"amp/grad_scale": 3.0814879110195774e-33, "global_step": 124}
{"amp/grad_scale": 1.5407439555097887e-33, "global_step": 125}
{"amp/grad_scale": 7.703719777548943e-34, "global_step": 126}
{"amp/grad_scale": 3.851859888774472e-34, "global_step": 127}
{"amp/grad_scale": 1.925929944387236e-34, "global_step": 128}
{"amp/grad_scale": 9.62964972193618e-35, "global_step": 129}
{"amp/grad_scale": 4.81482486096809e-35, "global_step": 130}
{"amp/grad_scale": 2.407412430484045e-35, "global_step": 131}
{"amp/grad_scale": 1.2037062152420224e-35, "global_step": 132}
{"amp/grad_scale": 6.018531076210112e-36, "global_step": 133}
{"amp/grad_scale": 3.009265538105056e-36, "global_step": 134}
{"amp/grad_scale": 1.504632769052528e-36, "global_step": 135}
{"amp/grad_scale": 7.52316384526264e-37, "global_step": 136}
{"amp/grad_scale": 3.76158192263132e-37, "global_step": 137}
{"amp/grad_scale": 1.88079096131566e-37, "global_step": 138}
{"amp/grad_scale": 9.4039548065783e-38, "global_step": 139}
{"amp/grad_scale": 4.70197740328915e-38, "global_step": 140}
{"loss/regression_loss": NaN, "loss/classification_loss": NaN, "loss/total_loss": NaN, "global_step": 140}
{"amp/grad_scale": 2.350988701644575e-38, "global_step": 141}
{"amp/grad_scale": 1.1754943508222875e-38, "global_step": 142}
{"amp/grad_scale": 5.877471754111438e-39, "global_step": 143}
{"amp/grad_scale": 2.938735877055719e-39, "global_step": 144}
{"amp/grad_scale": 1.4693679385278594e-39, "global_step": 145}
{"amp/grad_scale": 7.346839692639297e-40, "global_step": 146}
{"amp/grad_scale": 3.6734198463196485e-40, "global_step": 147}
{"amp/grad_scale": 1.8367099231598242e-40, "global_step": 148}
{"amp/grad_scale": 9.183549615799121e-41, "global_step": 149}
{"amp/grad_scale": 4.591774807899561e-41, "global_step": 150}
{"amp/grad_scale": 2.2958874039497803e-41, "global_step": 151}
{"amp/grad_scale": 1.1479437019748901e-41, "global_step": 152}
{"amp/grad_scale": 5.739718509874451e-42, "global_step": 153}
{"amp/grad_scale": 2.8698592549372254e-42, "global_step": 154}
{"amp/grad_scale": 1.4349296274686127e-42, "global_step": 155}
{"amp/grad_scale": 7.174648137343064e-43, "global_step": 156}
{"amp/grad_scale": 3.587324068671532e-43, "global_step": 157}
{"amp/grad_scale": 1.793662034335766e-43, "global_step": 158}
{"amp/grad_scale": 8.96831017167883e-44, "global_step": 159}
{"amp/grad_scale": 4.484155085839415e-44, "global_step": 160}
{"loss/regression_loss": NaN, "loss/classification_loss": NaN, "loss/total_loss": NaN, "global_step": 160}
{"amp/grad_scale": 2.2420775429197073e-44, "global_step": 161}
{"amp/grad_scale": 1.1210387714598537e-44, "global_step": 162}
{"amp/grad_scale": 5.605193857299268e-45, "global_step": 163}
{"amp/grad_scale": 2.802596928649634e-45, "global_step": 164}
{"amp/grad_scale": 1.401298464324817e-45, "global_step": 165}
{"amp/grad_scale": 0.0, "global_step": 166}
{"stats/learning_rate": 0.005, "global_step": 167}
{"stats/learning_rate": 0.005, "global_step": 168}
{"stats/learning_rate": 0.005, "global_step": 169}
{"stats/learning_rate": 0.005, "global_step": 170}
{"stats/learning_rate": 0.005, "global_step": 171}
{"stats/learning_rate": 0.005, "global_step": 172}
{"stats/learning_rate": 0.005, "global_step": 173}
{"stats/learning_rate": 0.005, "global_step": 174}
{"stats/learning_rate": 0.005, "global_step": 175}
{"stats/learning_rate": 0.005, "global_step": 176}
{"stats/learning_rate": 0.005, "global_step": 177}
{"stats/learning_rate": 0.005, "global_step": 178}
{"stats/learning_rate": 0.005, "global_step": 179}
{"loss/regression_loss": NaN, "loss/classification_loss": NaN, "loss/total_loss": NaN, "global_step": 180}
{"stats/learning_rate": 0.005, "global_step": 181}
{"stats/learning_rate": 0.005, "global_step": 182}
{"stats/learning_rate": 0.005, "global_step": 183}
{"stats/learning_rate": 0.005, "global_step": 184}
{"stats/learning_rate": 0.005, "global_step": 185}
{"stats/learning_rate": 0.005, "global_step": 186}
{"stats/learning_rate": 0.005, "global_step": 187}
{"stats/learning_rate": 0.005, "global_step": 188}
{"stats/learning_rate": 0.005, "global_step": 189}
{"stats/learning_rate": 0.005, "global_step": 190}
{"stats/learning_rate": 0.005, "global_step": 191}
{"stats/learning_rate": 0.005, "global_step": 192}
{"stats/learning_rate": 0.005, "global_step": 193}
{"stats/learning_rate": 0.005, "global_step": 194}
{"stats/learning_rate": 0.005, "global_step": 195}
{"stats/learning_rate": 0.005, "global_step": 196}
{"stats/learning_rate": 0.005, "global_step": 197}
{"stats/learning_rate": 0.005, "global_step": 198}
{"stats/learning_rate": 0.005, "global_step": 199}
{"loss/regression_loss": NaN, "loss/classification_loss": NaN, "loss/total_loss": NaN, "global_step": 200}
{"stats/learning_rate": 0.005, "global_step": 201}
{"stats/learning_rate": 0.005, "global_step": 202}
{"stats/learning_rate": 0.005, "global_step": 203}
{"stats/learning_rate": 0.005, "global_step": 204}
{"stats/learning_rate": 0.005, "global_step": 205}
{"stats/learning_rate": 0.005, "global_step": 206}
{"stats/learning_rate": 0.005, "global_step": 207}
{"stats/learning_rate": 0.005, "global_step": 208}
{"stats/learning_rate": 0.005, "global_step": 209}
{"stats/learning_rate": 0.005, "global_step": 210}
{"stats/learning_rate": 0.005, "global_step": 211}
{"stats/learning_rate": 0.005, "global_step": 212}
{"stats/learning_rate": 0.005, "global_step": 213}
{"stats/learning_rate": 0.005, "global_step": 214}
{"stats/learning_rate": 0.005, "global_step": 215}
{"stats/learning_rate": 0.005, "global_step": 216}
{"stats/learning_rate": 0.005, "global_step": 217}
{"stats/learning_rate": 0.005, "global_step": 218}
{"stats/learning_rate": 0.005, "global_step": 219}
{"loss/regression_loss": NaN, "loss/classification_loss": NaN, "loss/total_loss": NaN, "global_step": 220}
{"stats/learning_rate": 0.005, "global_step": 221}
{"stats/learning_rate": 0.005, "global_step": 222}
{"stats/learning_rate": 0.005, "global_step": 223}
{"stats/learning_rate": 0.005, "global_step": 224}
{"stats/learning_rate": 0.005, "global_step": 225}
{"stats/learning_rate": 0.005, "global_step": 226}
{"stats/learning_rate": 0.005, "global_step": 227}
{"stats/learning_rate": 0.005, "global_step": 228}
{"stats/learning_rate": 0.005, "global_step": 229}
{"stats/learning_rate": 0.005, "global_step": 230}
{"stats/learning_rate": 0.005, "global_step": 231}
{"stats/learning_rate": 0.005, "global_step": 232}
{"stats/learning_rate": 0.005, "global_step": 233}
{"stats/learning_rate": 0.005, "global_step": 234}
{"stats/learning_rate": 0.005, "global_step": 235}
{"stats/learning_rate": 0.005, "global_step": 236}
{"stats/learning_rate": 0.005, "global_step": 237}
{"stats/learning_rate": 0.005, "global_step": 238}
{"stats/learning_rate": 0.005, "global_step": 239}
{"loss/regression_loss": NaN, "loss/classification_loss": NaN, "loss/total_loss": NaN, "global_step": 240}
{"stats/learning_rate": 0.005, "global_step": 241}
{"stats/learning_rate": 0.005, "global_step": 242}
{"stats/learning_rate": 0.005, "global_step": 243}
{"stats/learning_rate": 0.005, "global_step": 244}
{"stats/learning_rate": 0.005, "global_step": 245}
{"stats/learning_rate": 0.005, "global_step": 246}
{"stats/learning_rate": 0.005, "global_step": 247}
{"stats/learning_rate": 0.005, "global_step": 248}
{"stats/learning_rate": 0.005, "global_step": 249}
{"stats/learning_rate": 0.005, "global_step": 250}
{"stats/learning_rate": 0.005, "global_step": 251}
{"stats/learning_rate": 0.005, "global_step": 252}
{"stats/learning_rate": 0.005, "global_step": 253}
{"stats/learning_rate": 0.005, "global_step": 254}
{"stats/learning_rate": 0.005, "global_step": 255}
{"stats/learning_rate": 0.005, "global_step": 256}
{"stats/learning_rate": 0.005, "global_step": 257}
{"stats/learning_rate": 0.005, "global_step": 258}
{"stats/learning_rate": 0.005, "global_step": 259}
{"loss/regression_loss": NaN, "loss/classification_loss": NaN, "loss/total_loss": NaN, "global_step": 260}
{"stats/learning_rate": 0.005, "global_step": 261}
{"stats/learning_rate": 0.005, "global_step": 262}
{"stats/learning_rate": 0.005, "global_step": 263}
{"stats/learning_rate": 0.005, "global_step": 264}
{"stats/learning_rate": 0.005, "global_step": 265}
{"stats/learning_rate": 0.005, "global_step": 266}
{"stats/learning_rate": 0.005, "global_step": 267}
{"stats/learning_rate": 0.005, "global_step": 268}
{"stats/learning_rate": 0.005, "global_step": 269}
{"stats/learning_rate": 0.005, "global_step": 270}
{"stats/learning_rate": 0.005, "global_step": 271}
{"stats/learning_rate": 0.005, "global_step": 272}
{"stats/learning_rate": 0.005, "global_step": 273}
{"stats/learning_rate": 0.005, "global_step": 274}
{"stats/learning_rate": 0.005, "global_step": 275}
{"stats/learning_rate": 0.005, "global_step": 276}
{"stats/learning_rate": 0.005, "global_step": 277}
{"stats/learning_rate": 0.005, "global_step": 278}
{"stats/learning_rate": 0.005, "global_step": 279}
{"loss/regression_loss": NaN, "loss/classification_loss": NaN, "loss/total_loss": NaN, "global_step": 280}
{"stats/learning_rate": 0.005, "global_step": 281}
{"stats/learning_rate": 0.005, "global_step": 282}
{"stats/learning_rate": 0.005, "global_step": 283}
{"stats/learning_rate": 0.005, "global_step": 284}
{"stats/learning_rate": 0.005, "global_step": 285}
{"stats/learning_rate": 0.005, "global_step": 286}
{"stats/learning_rate": 0.005, "global_step": 287}
{"stats/learning_rate": 0.005, "global_step": 288}
{"stats/learning_rate": 0.005, "global_step": 289}
{"stats/learning_rate": 0.005, "global_step": 290}
{"stats/learning_rate": 0.005, "global_step": 291}
{"stats/learning_rate": 0.005, "global_step": 292}
{"stats/learning_rate": 0.005, "global_step": 293}
{"stats/learning_rate": 0.005, "global_step": 294}
{"stats/learning_rate": 0.005, "global_step": 295}
{"stats/learning_rate": 0.005, "global_step": 296}
{"stats/learning_rate": 0.005, "global_step": 297}
{"stats/learning_rate": 0.005, "global_step": 298}
{"stats/learning_rate": 0.005, "global_step": 299}
{"loss/regression_loss": NaN, "loss/classification_loss": NaN, "loss/total_loss": NaN, "global_step": 300}
{"stats/learning_rate": 0.005, "global_step": 301}
{"stats/learning_rate": 0.005, "global_step": 302}
{"stats/learning_rate": 0.005, "global_step": 303}
{"stats/learning_rate": 0.005, "global_step": 304}
{"stats/learning_rate": 0.005, "global_step": 305}
{"stats/learning_rate": 0.005, "global_step": 306}
{"stats/learning_rate": 0.005, "global_step": 307}
{"stats/learning_rate": 0.005, "global_step": 308}
{"stats/learning_rate": 0.005, "global_step": 309}
{"stats/learning_rate": 0.005, "global_step": 310}
{"stats/learning_rate": 0.005, "global_step": 311}
{"stats/learning_rate": 0.005, "global_step": 312}
{"stats/learning_rate": 0.005, "global_step": 313}
{"stats/learning_rate": 0.005, "global_step": 314}
{"stats/learning_rate": 0.005, "global_step": 315}
{"stats/learning_rate": 0.005, "global_step": 316}
{"stats/learning_rate": 0.005, "global_step": 317}
{"stats/learning_rate": 0.005, "global_step": 318}
{"stats/learning_rate": 0.005, "global_step": 319}
{"loss/regression_loss": NaN, "loss/classification_loss": NaN, "loss/total_loss": NaN, "global_step": 320}
{"stats/learning_rate": 0.005, "global_step": 321}
{"stats/learning_rate": 0.005, "global_step": 322}
{"stats/learning_rate": 0.005, "global_step": 323}
{"stats/learning_rate": 0.005, "global_step": 324}
{"stats/learning_rate": 0.005, "global_step": 325}
{"stats/learning_rate": 0.005, "global_step": 326}
{"stats/learning_rate": 0.005, "global_step": 327}
{"stats/learning_rate": 0.005, "global_step": 328}
{"stats/learning_rate": 0.005, "global_step": 329}
{"stats/learning_rate": 0.005, "global_step": 330}
{"stats/learning_rate": 0.005, "global_step": 331}
{"stats/learning_rate": 0.005, "global_step": 332}
{"stats/learning_rate": 0.005, "global_step": 333}
{"stats/learning_rate": 0.005, "global_step": 334}
{"stats/learning_rate": 0.005, "global_step": 335}
{"stats/learning_rate": 0.005, "global_step": 336}
{"stats/learning_rate": 0.005, "global_step": 337}
{"stats/learning_rate": 0.005, "global_step": 338}
{"stats/learning_rate": 0.005, "global_step": 339}
{"loss/regression_loss": NaN, "loss/classification_loss": NaN, "loss/total_loss": NaN, "global_step": 340}
{"stats/learning_rate": 0.005, "global_step": 341}
{"stats/learning_rate": 0.005, "global_step": 342}
{"stats/learning_rate": 0.005, "global_step": 343}
{"stats/learning_rate": 0.005, "global_step": 344}
{"stats/learning_rate": 0.005, "global_step": 345}
{"stats/learning_rate": 0.005, "global_step": 346}
{"stats/learning_rate": 0.005, "global_step": 347}
{"stats/learning_rate": 0.005, "global_step": 348}
{"stats/learning_rate": 0.005, "global_step": 349}
{"stats/learning_rate": 0.005, "global_step": 350}
{"stats/learning_rate": 0.005, "global_step": 351}
{"stats/learning_rate": 0.005, "global_step": 352}
{"stats/learning_rate": 0.005, "global_step": 353}
{"stats/learning_rate": 0.005, "global_step": 354}
{"stats/learning_rate": 0.005, "global_step": 355}
{"stats/learning_rate": 0.005, "global_step": 356}
{"stats/learning_rate": 0.005, "global_step": 357}
{"stats/learning_rate": 0.005, "global_step": 358}
{"stats/learning_rate": 0.005, "global_step": 359}
{"loss/regression_loss": NaN, "loss/classification_loss": NaN, "loss/total_loss": NaN, "global_step": 360}
{"stats/learning_rate": 0.005, "global_step": 361}
{"stats/learning_rate": 0.005, "global_step": 362}
{"stats/learning_rate": 0.005, "global_step": 363}
{"stats/learning_rate": 0.005, "global_step": 364}
{"stats/learning_rate": 0.005, "global_step": 365}
{"stats/learning_rate": 0.005, "global_step": 366}
{"stats/learning_rate": 0.005, "global_step": 367}
{"stats/learning_rate": 0.005, "global_step": 368}
{"stats/learning_rate": 0.005, "global_step": 369}
{"stats/learning_rate": 0.005, "global_step": 370}
{"stats/learning_rate": 0.005, "global_step": 371}
{"stats/learning_rate": 0.005, "global_step": 372}
{"stats/learning_rate": 0.005, "global_step": 373}
{"stats/learning_rate": 0.005, "global_step": 374}
{"stats/learning_rate": 0.005, "global_step": 375}
{"stats/learning_rate": 0.005, "global_step": 376}
{"stats/learning_rate": 0.005, "global_step": 377}
{"stats/learning_rate": 0.005, "global_step": 378}
{"stats/learning_rate": 0.005, "global_step": 379}
{"loss/regression_loss": NaN, "loss/classification_loss": NaN, "loss/total_loss": NaN, "global_step": 380}
{"stats/learning_rate": 0.005, "global_step": 381}
{"stats/learning_rate": 0.005, "global_step": 382}
{"stats/learning_rate": 0.005, "global_step": 383}
{"stats/learning_rate": 0.005, "global_step": 384}
{"stats/learning_rate": 0.005, "global_step": 385}
{"stats/learning_rate": 0.005, "global_step": 386}
{"stats/learning_rate": 0.005, "global_step": 387}
{"stats/learning_rate": 0.005, "global_step": 388}
{"stats/learning_rate": 0.005, "global_step": 389}
{"stats/learning_rate": 0.005, "global_step": 390}
{"stats/learning_rate": 0.005, "global_step": 391}
{"stats/learning_rate": 0.005, "global_step": 392}
{"stats/learning_rate": 0.005, "global_step": 393}
{"stats/learning_rate": 0.005, "global_step": 394}
{"stats/learning_rate": 0.005, "global_step": 395}
{"stats/learning_rate": 0.005, "global_step": 396}
{"stats/learning_rate": 0.005, "global_step": 397}
{"stats/learning_rate": 0.005, "global_step": 398}
{"stats/learning_rate": 0.005, "global_step": 399}
{"loss/regression_loss": NaN, "loss/classification_loss": NaN, "loss/total_loss": NaN, "global_step": 400}
{"stats/learning_rate": 0.005, "global_step": 401}
{"stats/learning_rate": 0.005, "global_step": 402}
{"stats/learning_rate": 0.005, "global_step": 403}
{"stats/learning_rate": 0.005, "global_step": 404}
{"stats/learning_rate": 0.005, "global_step": 405}
{"stats/learning_rate": 0.005, "global_step": 406}
{"stats/learning_rate": 0.005, "global_step": 407}
{"stats/learning_rate": 0.005, "global_step": 408}
{"stats/learning_rate": 0.005, "global_step": 409}
{"stats/learning_rate": 0.005, "global_step": 410}
{"stats/learning_rate": 0.005, "global_step": 411}
{"stats/learning_rate": 0.005, "global_step": 412}
{"stats/learning_rate": 0.005, "global_step": 413}
{"stats/learning_rate": 0.005, "global_step": 414}
{"stats/learning_rate": 0.005, "global_step": 415}
{"stats/learning_rate": 0.005, "global_step": 416}
{"stats/learning_rate": 0.005, "global_step": 417}
{"stats/learning_rate": 0.005, "global_step": 418}
{"stats/learning_rate": 0.005, "global_step": 419}
{"loss/regression_loss": NaN, "loss/classification_loss": NaN, "loss/total_loss": NaN, "global_step": 420}
{"stats/learning_rate": 0.005, "global_step": 421}
{"stats/learning_rate": 0.005, "global_step": 422}
{"stats/learning_rate": 0.005, "global_step": 423}
{"stats/learning_rate": 0.005, "global_step": 424}
{"stats/learning_rate": 0.005, "global_step": 425}
{"stats/learning_rate": 0.005, "global_step": 426}
{"stats/learning_rate": 0.005, "global_step": 427}
{"stats/learning_rate": 0.005, "global_step": 428}
{"stats/learning_rate": 0.005, "global_step": 429}
{"stats/learning_rate": 0.005, "global_step": 430}
{"stats/learning_rate": 0.005, "global_step": 431}
{"stats/learning_rate": 0.005, "global_step": 432}
{"stats/learning_rate": 0.005, "global_step": 433}
{"stats/learning_rate": 0.005, "global_step": 434}
{"stats/learning_rate": 0.005, "global_step": 435}
{"stats/learning_rate": 0.005, "global_step": 436}
{"stats/learning_rate": 0.005, "global_step": 437}
{"stats/learning_rate": 0.005, "global_step": 438}
{"stats/learning_rate": 0.005, "global_step": 439}
{"loss/regression_loss": NaN, "loss/classification_loss": NaN, "loss/total_loss": NaN, "global_step": 440}
{"stats/learning_rate": 0.005, "global_step": 441}
{"stats/learning_rate": 0.005, "global_step": 442}
{"stats/learning_rate": 0.005, "global_step": 443}
{"stats/learning_rate": 0.005, "global_step": 444}
{"stats/learning_rate": 0.005, "global_step": 445}
{"stats/learning_rate": 0.005, "global_step": 446}
{"stats/learning_rate": 0.005, "global_step": 447}
{"stats/learning_rate": 0.005, "global_step": 448}
{"stats/learning_rate": 0.005, "global_step": 449}
{"stats/learning_rate": 0.005, "global_step": 450}
{"stats/learning_rate": 0.005, "global_step": 451}
{"stats/learning_rate": 0.005, "global_step": 452}
{"stats/learning_rate": 0.005, "global_step": 453}
{"stats/learning_rate": 0.005, "global_step": 454}
{"stats/learning_rate": 0.005, "global_step": 455}
{"stats/learning_rate": 0.005, "global_step": 456}
{"stats/learning_rate": 0.005, "global_step": 457}
{"stats/learning_rate": 0.005, "global_step": 458}
{"stats/learning_rate": 0.005, "global_step": 459}
{"loss/regression_loss": NaN, "loss/classification_loss": NaN, "loss/total_loss": NaN, "global_step": 460}
{"stats/learning_rate": 0.005, "global_step": 461}
{"stats/learning_rate": 0.005, "global_step": 462}
{"stats/learning_rate": 0.005, "global_step": 463}
{"stats/learning_rate": 0.005, "global_step": 464}
{"stats/learning_rate": 0.005, "global_step": 465}
{"stats/learning_rate": 0.005, "global_step": 466}
{"stats/learning_rate": 0.005, "global_step": 467}
{"stats/learning_rate": 0.005, "global_step": 468}
{"stats/learning_rate": 0.005, "global_step": 469}
{"stats/learning_rate": 0.005, "global_step": 470}
{"stats/learning_rate": 0.005, "global_step": 471}
{"stats/learning_rate": 0.005, "global_step": 472}
{"stats/learning_rate": 0.005, "global_step": 473}
{"stats/learning_rate": 0.005, "global_step": 474}
{"stats/learning_rate": 0.005, "global_step": 475}
{"stats/learning_rate": 0.005, "global_step": 476}
{"stats/learning_rate": 0.005, "global_step": 477}
{"stats/learning_rate": 0.005, "global_step": 478}
{"stats/learning_rate": 0.005, "global_step": 479}
{"loss/regression_loss": NaN, "loss/classification_loss": NaN, "loss/total_loss": NaN, "global_step": 480}
{"stats/learning_rate": 0.005, "global_step": 481}
{"stats/learning_rate": 0.005, "global_step": 482}
{"stats/learning_rate": 0.005, "global_step": 483}
{"stats/learning_rate": 0.005, "global_step": 484}
{"stats/learning_rate": 0.005, "global_step": 485}
{"stats/learning_rate": 0.005, "global_step": 486}
{"stats/learning_rate": 0.005, "global_step": 487}
{"stats/learning_rate": 0.005, "global_step": 488}
{"stats/learning_rate": 0.005, "global_step": 489}
{"stats/learning_rate": 0.005, "global_step": 490}
{"stats/learning_rate": 0.005, "global_step": 491}
{"stats/learning_rate": 0.005, "global_step": 492}
{"stats/learning_rate": 0.005, "global_step": 493}
{"stats/learning_rate": 0.005, "global_step": 494}
{"stats/learning_rate": 0.005, "global_step": 495}
{"stats/learning_rate": 0.005, "global_step": 496}
{"stats/learning_rate": 0.005, "global_step": 497}
{"stats/learning_rate": 0.005, "global_step": 498}
{"stats/learning_rate": 0.005, "global_step": 499}
{"loss/regression_loss": NaN, "loss/classification_loss": NaN, "loss/total_loss": NaN, "global_step": 500}
{"stats/learning_rate": 0.005, "global_step": 501}
{"stats/learning_rate": 0.005, "global_step": 502}
{"stats/learning_rate": 0.005, "global_step": 503}
{"stats/learning_rate": 0.005, "global_step": 504}
{"stats/learning_rate": 0.005, "global_step": 505}
{"stats/learning_rate": 0.005, "global_step": 506}
{"stats/learning_rate": 0.005, "global_step": 507}
{"stats/learning_rate": 0.005, "global_step": 508}
{"stats/learning_rate": 0.005, "global_step": 509}
{"stats/learning_rate": 0.005, "global_step": 510}
{"stats/learning_rate": 0.005, "global_step": 511}
{"stats/learning_rate": 0.005, "global_step": 512}
{"stats/epoch_time": 145.00875568389893, "global_step": 513}
{"metrics/mAP": 1.3182576572737718e-06, "metrics/mAP@0.5": 4.120889971840252e-06, "metrics/mAP@0.75": 1.0477238200010475e-06, "metrics/mAP_small": 0.0, "metrics/mAP_medium": 0.0, "metrics/mAP_large": 1.357330001994685e-06, "metrics/average_recall@1": 1.823486506199854e-05, "metrics/average_recall@10": 6.848612134340559e-05, "metrics/average_recall@100": 0.00046959724268917793, "metrics/average_recall@100_small": 0.0, "metrics/average_recall@100_medium": 0.0, "metrics/average_recall@100_large": 0.00048127881427730793, "metrics/AP_aeroplane": 0.0, "metrics/AP_bicycle": 0.0, "metrics/AP_bird": 0.0, "metrics/AP_boat": 0.0, "metrics/AP_bottle": 0.0, "metrics/AP_bus": 0.0, "metrics/AP_car": 0.0, "metrics/AP_cat": 0.0, "metrics/AP_chair": 7.384940776467443e-08, "metrics/AP_cow": 0.0, "metrics/AP_diningtable": 0.0, "metrics/AP_dog": 0.0, "metrics/AP_horse": 6.456233024048383e-06, "metrics/AP_motorbike": 0.0, "metrics/AP_person": 1.7680339462517683e-05, "metrics/AP_pottedplant": 0.0, "metrics/AP_sheep": 0.0, "metrics/AP_sofa": 0.0, "metrics/AP_train": 2.154731251144701e-06, "metrics/AP_tvmonitor": 0.0, "global_step": 513}
